identifiant,type_anomalie,colonne_concernee,valeur
FT/084-A2200-P001,Plantation sans producteur associé,code_producteur,FT/084-A2200
FT/084-A2728-P001,Plantation sans producteur associé,code_producteur,FT/084-A2728
FT/084-A1186-P001,Plantation sans producteur associé,code_producteur,FT/084-A1186
FT/084-A1197-P001,Plantation sans producteur associé,code_producteur,FT/084-A1197
FT/084-A1212-P001,Plantation sans producteur associé,code_producteur,FT/084-A1212
FT/084-A1256-P001,Plantation sans producteur associé,code_producteur,FT/084-A1256
FT/084-A1902-P001,Plantation sans producteur associé,code_producteur,FT/084-A1902
FT/084-A2569-P001,Plantation sans producteur associé,code_producteur,FT/084-A2569
FT/084-A2573-P001,Plantation sans producteur associé,code_producteur,FT/084-A2573
FT/084-A2579-P001,Plantation sans producteur associé,code_producteur,FT/084-A2579
FT/084-G1297-P001,Plantation sans producteur associé,code_producteur,FT/084-G1297
FT/084-G2443-P001,Plantation sans producteur associé,code_producteur,FT/084-G2443
FT/084-G2449-P001,Plantation sans producteur associé,code_producteur,FT/084-G2449
FT/084-T2475-P001,Plantation sans producteur associé,code_producteur,FT/084-T2475
FT/084-T2551-P001,Plantation sans producteur associé,code_producteur,FT/084-T2551
FT/084-T3037-P001,Plantation sans producteur associé,code_producteur,FT/084-T3037
FT/084-T893-P001,Plantation sans producteur associé,code_producteur,FT/084-T893
FT/084-G5052-P001,Plantation sans producteur associé,code_producteur,FT/084-G5052
FT/084-G2019-P001,Plantation sans producteur associé,code_producteur,FT/084-G2019
FT/084-G1944-P001,Plantation sans producteur associé,code_producteur,FT/084-G1944
FT/084-A2578-P001,Plantation sans producteur associé,code_producteur,FT/084-A2578
FT/084-A1191-P001,Plantation sans producteur associé,code_producteur,FT/084-A1191
1030010003,Écart estimation > 10 %,estimation_totale_kg,-28.794037940379404
1030010008,Écart estimation > 10 %,estimation_totale_kg,-45.65587734241908
1030010009,Écart estimation > 10 %,estimation_totale_kg,-17.224231464737795
1030010011,Écart estimation > 10 %,estimation_totale_kg,-51.54680138502583
1030010014,Écart estimation > 10 %,estimation_totale_kg,16.563146997929607
1030010015,Écart estimation > 10 %,estimation_totale_kg,62.65182186234818
1030010022,Écart estimation > 10 %,estimation_totale_kg,18.979591836734695
1030010026,Écart estimation > 10 %,estimation_totale_kg,57.57575757575758
1030010028,Écart estimation > 10 %,estimation_totale_kg,111.88118811881189
1030010030,Écart estimation > 10 %,estimation_totale_kg,59.42606616181746
1030010046,Écart estimation > 10 %,estimation_totale_kg,110.69042316258353
1030010048,Écart estimation > 10 %,estimation_totale_kg,20.431472081218274
1030010049,Écart estimation > 10 %,estimation_totale_kg,-17.364813404417365
1030010050,Écart estimation > 10 %,estimation_totale_kg,-23.389830508474578
1030010054,Écart estimation > 10 %,estimation_totale_kg,220.18278750952018
1030010061,Écart estimation > 10 %,estimation_totale_kg,10.24390243902439
1030010069,Écart estimation > 10 %,estimation_totale_kg,-20.92457420924574
1030010075,Écart estimation > 10 %,estimation_totale_kg,78.50877192982456
1030010079,Écart estimation > 10 %,estimation_totale_kg,-18.394648829431436
1030010081,Écart estimation > 10 %,estimation_totale_kg,10.30741410488246
1030010096,Écart estimation > 10 %,estimation_totale_kg,30.217669654289374
1030010100,Écart estimation > 10 %,estimation_totale_kg,-15.034168564920272
1030010101,Écart estimation > 10 %,estimation_totale_kg,-16.64804469273743
1030010111,Écart estimation > 10 %,estimation_totale_kg,49.6551724137931
1030010114,Écart estimation > 10 %,estimation_totale_kg,-15.777940102264425
1030010119,Écart estimation > 10 %,estimation_totale_kg,-11.272727272727273
1030010121,Écart estimation > 10 %,estimation_totale_kg,-29.928741092636578
1030010122,Écart estimation > 10 %,estimation_totale_kg,-19.072737368128816
1030010125,Écart estimation > 10 %,estimation_totale_kg,33.214285714285715
1030010126,Écart estimation > 10 %,estimation_totale_kg,-52.578671328671334
1030010127,Écart estimation > 10 %,estimation_totale_kg,30.86816720257235
1030010130,Écart estimation > 10 %,estimation_totale_kg,-41.46868250539957
1030010132,Écart estimation > 10 %,estimation_totale_kg,234.357316087308
1030010134,Écart estimation > 10 %,estimation_totale_kg,139.01808785529715
1030010139,Écart estimation > 10 %,estimation_totale_kg,182.92046936114733
1030010140,Écart estimation > 10 %,estimation_totale_kg,29.778506972928632
1030010141,Écart estimation > 10 %,estimation_totale_kg,91.84692179700498
1030010142,Écart estimation > 10 %,estimation_totale_kg,30.217669654289374
1030010148,Écart estimation > 10 %,estimation_totale_kg,-53.27210103329506
1030010153,Écart estimation > 10 %,estimation_totale_kg,-36.94103680253264
1030010161,Écart estimation > 10 %,estimation_totale_kg,-19.08006814310051
1030010166,Écart estimation > 10 %,estimation_totale_kg,47.71048744460857
1030010169,Écart estimation > 10 %,estimation_totale_kg,-30.30821917808219
1030010170,Écart estimation > 10 %,estimation_totale_kg,-57.175660160734786
1030010171,Écart estimation > 10 %,estimation_totale_kg,21.57800358637179
1030010172,Écart estimation > 10 %,estimation_totale_kg,-14.55902939804013
1030010174,Écart estimation > 10 %,estimation_totale_kg,93.86574074074075
1030010175,Écart estimation > 10 %,estimation_totale_kg,-49.545078577336646
1030010176,Écart estimation > 10 %,estimation_totale_kg,-23.54368932038835
1030010191,Écart estimation > 10 %,estimation_totale_kg,16.81462140992167
1030010203,Écart estimation > 10 %,estimation_totale_kg,-61.23499142367067
1030010207,Écart estimation > 10 %,estimation_totale_kg,-28.66535174227482
1030010208,Écart estimation > 10 %,estimation_totale_kg,-24.562798092209857
1030010209,Écart estimation > 10 %,estimation_totale_kg,233.42836778332145
1030010229,Écart estimation > 10 %,estimation_totale_kg,-11.432571161922539
1030012152,Écart estimation > 10 %,estimation_totale_kg,-39.12718204488778
1030012157,Écart estimation > 10 %,estimation_totale_kg,-17.99053129931615
1030012198,Écart estimation > 10 %,estimation_totale_kg,-11.720930232558139
1030012868,Écart estimation > 10 %,estimation_totale_kg,114.30948419301166
1030012887,Écart estimation > 10 %,estimation_totale_kg,48.34156669019055
1030012889,Écart estimation > 10 %,estimation_totale_kg,93.71428571428572
1030012942,Écart estimation > 10 %,estimation_totale_kg,11.513157894736842
1030012946,Écart estimation > 10 %,estimation_totale_kg,17.760617760617762
1030020231,Écart estimation > 10 %,estimation_totale_kg,77.4869109947644
1030020233,Écart estimation > 10 %,estimation_totale_kg,18.096514745308312
1030020234,Écart estimation > 10 %,estimation_totale_kg,-34.91083676268861
1030020236,Écart estimation > 10 %,estimation_totale_kg,-58.39185393258427
1030020239,Écart estimation > 10 %,estimation_totale_kg,-11.865828092243188
1030020241,Écart estimation > 10 %,estimation_totale_kg,-44.39890710382514
1030020243,Écart estimation > 10 %,estimation_totale_kg,-25.584725536992842
1030020245,Écart estimation > 10 %,estimation_totale_kg,-14.756446991404012
1030020246,Écart estimation > 10 %,estimation_totale_kg,-49.94021522518931
1030020250,Écart estimation > 10 %,estimation_totale_kg,-18.264014466546115
1030020251,Écart estimation > 10 %,estimation_totale_kg,-10.714285714285714
1030020252,Écart estimation > 10 %,estimation_totale_kg,-13.520408163265307
1030020253,Écart estimation > 10 %,estimation_totale_kg,214.47124304267163
1030020257,Écart estimation > 10 %,estimation_totale_kg,40.3448275862069
1030020259,Écart estimation > 10 %,estimation_totale_kg,17.37786023500309
1030020261,Écart estimation > 10 %,estimation_totale_kg,17.971014492753625
1030020262,Écart estimation > 10 %,estimation_totale_kg,-19.05430711610487
1030020266,Écart estimation > 10 %,estimation_totale_kg,90.53069719042664
1030020269,Écart estimation > 10 %,estimation_totale_kg,22.613065326633166
1030020270,Écart estimation > 10 %,estimation_totale_kg,454.4392523364486
1030020271,Écart estimation > 10 %,estimation_totale_kg,85.85526315789474
1030020272,Écart estimation > 10 %,estimation_totale_kg,15.921052631578947
1030020274,Écart estimation > 10 %,estimation_totale_kg,49.17763157894737
1030020276,Écart estimation > 10 %,estimation_totale_kg,56.94444444444444
1030020280,Écart estimation > 10 %,estimation_totale_kg,-46.44736842105263
1030020281,Écart estimation > 10 %,estimation_totale_kg,-14.46592065106816
1030020282,Écart estimation > 10 %,estimation_totale_kg,-41.981468282252315
1030021992,Écart estimation > 10 %,estimation_totale_kg,18.096514745308312
1030021997,Écart estimation > 10 %,estimation_totale_kg,103.82513661202186
1030021998,Écart estimation > 10 %,estimation_totale_kg,26.43086816720257
1030022002,Écart estimation > 10 %,estimation_totale_kg,-10.865051903114187
1030022003,Écart estimation > 10 %,estimation_totale_kg,-17.803030303030305
1030022004,Écart estimation > 10 %,estimation_totale_kg,-20.337738619676944
1030022006,Écart estimation > 10 %,estimation_totale_kg,-31.761006289308174
1030022008,Écart estimation > 10 %,estimation_totale_kg,-25.81047381546135
1030022547,Écart estimation > 10 %,estimation_totale_kg,-12.095032397408207
1030022549,Écart estimation > 10 %,estimation_totale_kg,-30.34547152194211
1030022553,Écart estimation > 10 %,estimation_totale_kg,26.607717041800644
1030022554,Écart estimation > 10 %,estimation_totale_kg,35.28678304239401
1030022558,Écart estimation > 10 %,estimation_totale_kg,-18.103448275862068
1030022559,Écart estimation > 10 %,estimation_totale_kg,19.434063000533904
1030022560,Écart estimation > 10 %,estimation_totale_kg,-45.30259365994237
1030022561,Écart estimation > 10 %,estimation_totale_kg,34.213197969543145
1030023306,Écart estimation > 10 %,estimation_totale_kg,11.119030648610122
1030023308,Écart estimation > 10 %,estimation_totale_kg,17.59729272419628
1030023309,Écart estimation > 10 %,estimation_totale_kg,14.14141414141414
1030023310,Écart estimation > 10 %,estimation_totale_kg,-40.77669902912621
1030023311,Écart estimation > 10 %,estimation_totale_kg,-48.558421851289836
1030023312,Écart estimation > 10 %,estimation_totale_kg,-43.35971855760774
1030023314,Écart estimation > 10 %,estimation_totale_kg,-34.30232558139535
1030023316,Écart estimation > 10 %,estimation_totale_kg,42.01570680628272
1030023319,Écart estimation > 10 %,estimation_totale_kg,112.80193236714975
1030023321,Écart estimation > 10 %,estimation_totale_kg,28.620689655172416
1030023322,Écart estimation > 10 %,estimation_totale_kg,-13.959390862944163
1030023326,Écart estimation > 10 %,estimation_totale_kg,-38.698010849909586
1030023328,Écart estimation > 10 %,estimation_totale_kg,-23.327049952874646
1030023339,Écart estimation > 10 %,estimation_totale_kg,-21.49059334298119
1030023341,Écart estimation > 10 %,estimation_totale_kg,-10.790513833992096
1030023343,Écart estimation > 10 %,estimation_totale_kg,-13.095238095238097
1030023344,Écart estimation > 10 %,estimation_totale_kg,-29.520795660036164
1030023345,Écart estimation > 10 %,estimation_totale_kg,-10.066305003013863
1030023346,Écart estimation > 10 %,estimation_totale_kg,-33.39285714285714
1030023347,Écart estimation > 10 %,estimation_totale_kg,142.90249433106575
1030023348,Écart estimation > 10 %,estimation_totale_kg,51.7910447761194
1030023349,Écart estimation > 10 %,estimation_totale_kg,-64.20497362471741
1030030592,Écart estimation > 10 %,estimation_totale_kg,20.236336779911372
1030030594,Écart estimation > 10 %,estimation_totale_kg,-17.456021650879567
1030030597,Écart estimation > 10 %,estimation_totale_kg,-36.51063829787234
1030030599,Écart estimation > 10 %,estimation_totale_kg,-10.74561403508772
1030030619,Écart estimation > 10 %,estimation_totale_kg,-21.260119676170362
1030030620,Écart estimation > 10 %,estimation_totale_kg,13.195548489666137
1030030621,Écart estimation > 10 %,estimation_totale_kg,-27.634194831013914
1030030622,Écart estimation > 10 %,estimation_totale_kg,79.79591836734694
1030030635,Écart estimation > 10 %,estimation_totale_kg,35.85746102449889
1030030642,Écart estimation > 10 %,estimation_totale_kg,19.491964748574393
1030030645,Écart estimation > 10 %,estimation_totale_kg,13.095238095238097
1030030650,Écart estimation > 10 %,estimation_totale_kg,-36.17647058823529
1030030651,Écart estimation > 10 %,estimation_totale_kg,56.69099756690997
1030030652,Écart estimation > 10 %,estimation_totale_kg,20.56262558606832
1030030658,Écart estimation > 10 %,estimation_totale_kg,-34.61950696677385
1030030666,Écart estimation > 10 %,estimation_totale_kg,-20.794392523364486
1030030668,Écart estimation > 10 %,estimation_totale_kg,10.273972602739725
1030030673,Écart estimation > 10 %,estimation_totale_kg,12.239020878329733
1030030681,Écart estimation > 10 %,estimation_totale_kg,68.53002070393374
1030030685,Écart estimation > 10 %,estimation_totale_kg,43.2520325203252
1030030689,Écart estimation > 10 %,estimation_totale_kg,-12.280701754385964
1030032967,Écart estimation > 10 %,estimation_totale_kg,-17.345525076198392
1030032976,Écart estimation > 10 %,estimation_totale_kg,-63.485956136975766
1030032982,Écart estimation > 10 %,estimation_totale_kg,25.41620421753607
1030033035,Écart estimation > 10 %,estimation_totale_kg,-31.25904486251809
1030033556,Écart estimation > 10 %,estimation_totale_kg,153.4959349593496
1030033602,Écart estimation > 10 %,estimation_totale_kg,31.802120141342755
1030040474,Écart estimation > 10 %,estimation_totale_kg,18.83617667679364
1030040475,Écart estimation > 10 %,estimation_totale_kg,11.378205128205128
1030040476,Écart estimation > 10 %,estimation_totale_kg,20.212765957446805
1030040477,Écart estimation > 10 %,estimation_totale_kg,32.07070707070707
1030040479,Écart estimation > 10 %,estimation_totale_kg,-17.993951612903224
1030040482,Écart estimation > 10 %,estimation_totale_kg,108.54214123006834
1030040483,Écart estimation > 10 %,estimation_totale_kg,48.31649831649832
1030040486,Écart estimation > 10 %,estimation_totale_kg,-12.176165803108809
1030040487,Écart estimation > 10 %,estimation_totale_kg,67.98810703666997
1030040488,Écart estimation > 10 %,estimation_totale_kg,40.10840108401084
1030040490,Écart estimation > 10 %,estimation_totale_kg,-56.94037145650049
1030040491,Écart estimation > 10 %,estimation_totale_kg,26.978723404255316
1030040492,Écart estimation > 10 %,estimation_totale_kg,26.54224987039917
1030040493,Écart estimation > 10 %,estimation_totale_kg,-31.93979933110368
1030040498,Écart estimation > 10 %,estimation_totale_kg,72.49602543720191
1030040501,Écart estimation > 10 %,estimation_totale_kg,-16.64804469273743
1030040506,Écart estimation > 10 %,estimation_totale_kg,-20.47898338220919
1030040508,Écart estimation > 10 %,estimation_totale_kg,12.126779972439136
1030040510,Écart estimation > 10 %,estimation_totale_kg,52.69709543568465
1030040515,Écart estimation > 10 %,estimation_totale_kg,71.01380295097573
1030040519,Écart estimation > 10 %,estimation_totale_kg,117.94642857142857
1030040520,Écart estimation > 10 %,estimation_totale_kg,26.862679585699965
1030040521,Écart estimation > 10 %,estimation_totale_kg,-17.74042950513539
1030040522,Écart estimation > 10 %,estimation_totale_kg,-10.773026315789473
1030040525,Écart estimation > 10 %,estimation_totale_kg,-23.955147808358817
1030040526,Écart estimation > 10 %,estimation_totale_kg,-28.860569715142432
1030040528,Écart estimation > 10 %,estimation_totale_kg,50.291715285880976
1030040529,Écart estimation > 10 %,estimation_totale_kg,194.51913133402275
1030040530,Écart estimation > 10 %,estimation_totale_kg,14.064602960969044
1030040531,Écart estimation > 10 %,estimation_totale_kg,-32.59668508287293
1030040532,Écart estimation > 10 %,estimation_totale_kg,-56.74044265593562
1030040533,Écart estimation > 10 %,estimation_totale_kg,144.02756508422664
1030040534,Écart estimation > 10 %,estimation_totale_kg,-34.0632603406326
1030040536,Écart estimation > 10 %,estimation_totale_kg,42.095238095238095
1030040537,Écart estimation > 10 %,estimation_totale_kg,-31.48148148148148
1030040539,Écart estimation > 10 %,estimation_totale_kg,95.12915129151291
1030040540,Écart estimation > 10 %,estimation_totale_kg,23.481781376518217
1030040553,Écart estimation > 10 %,estimation_totale_kg,26.978723404255316
1030040554,Écart estimation > 10 %,estimation_totale_kg,125.73623559539054
1030040556,Écart estimation > 10 %,estimation_totale_kg,107.02290076335879
1030040562,Écart estimation > 10 %,estimation_totale_kg,-29.03225806451613
1030040564,Écart estimation > 10 %,estimation_totale_kg,16.144314868804667
1030040570,Écart estimation > 10 %,estimation_totale_kg,-20.469361147327252
1030040572,Écart estimation > 10 %,estimation_totale_kg,-42.5531914893617
1030040573,Écart estimation > 10 %,estimation_totale_kg,-19.326065411298316
1030040574,Écart estimation > 10 %,estimation_totale_kg,54.82233502538071
1030040575,Écart estimation > 10 %,estimation_totale_kg,73.46123101518785
1030040579,Écart estimation > 10 %,estimation_totale_kg,78.98627243928195
1030040580,Écart estimation > 10 %,estimation_totale_kg,50.90802577621558
1030040581,Écart estimation > 10 %,estimation_totale_kg,-39.464285714285715
1030040584,Écart estimation > 10 %,estimation_totale_kg,15.375586854460094
1030040586,Écart estimation > 10 %,estimation_totale_kg,105.38720538720538
1030040589,Écart estimation > 10 %,estimation_totale_kg,-11.239414934565051
1030043437,Écart estimation > 10 %,estimation_totale_kg,38.59362224039248
1030043445,Écart estimation > 10 %,estimation_totale_kg,44.25531914893617
1030043446,Écart estimation > 10 %,estimation_totale_kg,50.22156573116692
1030043449,Écart estimation > 10 %,estimation_totale_kg,14.14141414141414
1030043450,Écart estimation > 10 %,estimation_totale_kg,196.448087431694
1030050999,Écart estimation > 10 %,estimation_totale_kg,-52.15243472124206
1030051002,Écart estimation > 10 %,estimation_totale_kg,-39.6928051738076
1030051003,Écart estimation > 10 %,estimation_totale_kg,21.071428571428573
1030051007,Écart estimation > 10 %,estimation_totale_kg,13.47517730496454
1030051009,Écart estimation > 10 %,estimation_totale_kg,-64.55549099360837
1030051011,Écart estimation > 10 %,estimation_totale_kg,19.935691318327976
1030051012,Écart estimation > 10 %,estimation_totale_kg,-18.103448275862068
1030051013,Écart estimation > 10 %,estimation_totale_kg,24.175824175824175
1030051014,Écart estimation > 10 %,estimation_totale_kg,18.973722325677635
1030051020,Écart estimation > 10 %,estimation_totale_kg,20.558375634517766
1030051021,Écart estimation > 10 %,estimation_totale_kg,158.664546899841
1030051022,Écart estimation > 10 %,estimation_totale_kg,-68.82793017456359
1030051024,Écart estimation > 10 %,estimation_totale_kg,18.32460732984293
1030051032,Écart estimation > 10 %,estimation_totale_kg,24.569460390355914
1030051033,Écart estimation > 10 %,estimation_totale_kg,29.142857142857142
1030051041,Écart estimation > 10 %,estimation_totale_kg,10.874897792313982
1030051046,Écart estimation > 10 %,estimation_totale_kg,-10.012062726176115
1030051047,Écart estimation > 10 %,estimation_totale_kg,21.51088348271447
1030051049,Écart estimation > 10 %,estimation_totale_kg,-31.493001555209954
1030051052,Écart estimation > 10 %,estimation_totale_kg,-44.243421052631575
1030070322,Écart estimation > 10 %,estimation_totale_kg,71.49425287356321
1030070325,Écart estimation > 10 %,estimation_totale_kg,59.905660377358494
1030070327,Écart estimation > 10 %,estimation_totale_kg,-14.694110920526015
1030070328,Écart estimation > 10 %,estimation_totale_kg,205.14469453376205
1030070331,Écart estimation > 10 %,estimation_totale_kg,11.202185792349727
1030070335,Écart estimation > 10 %,estimation_totale_kg,-26.40144665461121
1030070336,Écart estimation > 10 %,estimation_totale_kg,65.6015037593985
1030070343,Écart estimation > 10 %,estimation_totale_kg,108.93682588597844
1030070347,Écart estimation > 10 %,estimation_totale_kg,-62.86161063330727
1030070350,Écart estimation > 10 %,estimation_totale_kg,-13.324360699865412
1030070351,Écart estimation > 10 %,estimation_totale_kg,-21.504339440694313
1030070353,Écart estimation > 10 %,estimation_totale_kg,-28.3739837398374
1030070358,Écart estimation > 10 %,estimation_totale_kg,116.38297872340426
1030070360,Écart estimation > 10 %,estimation_totale_kg,-13.64877161055505
1030070363,Écart estimation > 10 %,estimation_totale_kg,-54.01129943502825
1030070366,Écart estimation > 10 %,estimation_totale_kg,-49.57233172182968
1030070367,Écart estimation > 10 %,estimation_totale_kg,82.21343873517787
1030070370,Écart estimation > 10 %,estimation_totale_kg,37.09175738724728
1030070373,Écart estimation > 10 %,estimation_totale_kg,-38.29611248966088
1030070377,Écart estimation > 10 %,estimation_totale_kg,-63.665594855305464
1030070378,Écart estimation > 10 %,estimation_totale_kg,-14.01938851603281
1030070379,Écart estimation > 10 %,estimation_totale_kg,15.421002838221382
1030070380,Écart estimation > 10 %,estimation_totale_kg,35.8797745773325
1030070384,Écart estimation > 10 %,estimation_totale_kg,-37.105751391465674
1030073692,Écart estimation > 10 %,estimation_totale_kg,24.620303756994407
1030073693,Écart estimation > 10 %,estimation_totale_kg,312.94416243654825
1030073695,Écart estimation > 10 %,estimation_totale_kg,19.371069182389938
1030073696,Écart estimation > 10 %,estimation_totale_kg,183.77386196769456
1030073697,Écart estimation > 10 %,estimation_totale_kg,391.16607773851587
1030073699,Écart estimation > 10 %,estimation_totale_kg,253.93772893772893
1030073708,Écart estimation > 10 %,estimation_totale_kg,127.36098852603708
1030073709,Écart estimation > 10 %,estimation_totale_kg,-51.91048034934498
1030081130,Écart estimation > 10 %,estimation_totale_kg,-46.441947565543074
1030081163,Écart estimation > 10 %,estimation_totale_kg,33.89513108614232
1030081172,Écart estimation > 10 %,estimation_totale_kg,26.543674698795183
1030082047,Écart estimation > 10 %,estimation_totale_kg,-90.63996517196344
1030082052,Écart estimation > 10 %,estimation_totale_kg,-16.145833333333336
1030082067,Écart estimation > 10 %,estimation_totale_kg,-29.540481400437635
1030082068,Écart estimation > 10 %,estimation_totale_kg,-20.207253886010363
1030082073,Écart estimation > 10 %,estimation_totale_kg,-80.54368932038834
1030082076,Écart estimation > 10 %,estimation_totale_kg,-29.452392698569312
1030082083,Écart estimation > 10 %,estimation_totale_kg,-20.349761526232115
1030082820,Écart estimation > 10 %,estimation_totale_kg,-20.03439380911436
1030082821,Écart estimation > 10 %,estimation_totale_kg,-17.245005257623554
1030082824,Écart estimation > 10 %,estimation_totale_kg,-40.1673640167364
1030082827,Écart estimation > 10 %,estimation_totale_kg,-25.65947242206235
1030082828,Écart estimation > 10 %,estimation_totale_kg,11.001410437235542
1030082829,Écart estimation > 10 %,estimation_totale_kg,-22.841726618705035
1030082830,Écart estimation > 10 %,estimation_totale_kg,52.1598968407479
1030082831,Écart estimation > 10 %,estimation_totale_kg,-32.61074458058435
1030082832,Écart estimation > 10 %,estimation_totale_kg,80.0959232613909
1030082835,Écart estimation > 10 %,estimation_totale_kg,-15.223336371923427
1030082840,Écart estimation > 10 %,estimation_totale_kg,-15.566037735849056
1030082842,Écart estimation > 10 %,estimation_totale_kg,-30.53435114503817
1030082844,Écart estimation > 10 %,estimation_totale_kg,-22.176870748299322
1030082846,Écart estimation > 10 %,estimation_totale_kg,-27.074235807860266
1030083398,Écart estimation > 10 %,estimation_totale_kg,-19.17808219178082
1030083467,Écart estimation > 10 %,estimation_totale_kg,-10.125646711012564
1030083611,Écart estimation > 10 %,estimation_totale_kg,-29.803646563814866
1030083614,Écart estimation > 10 %,estimation_totale_kg,81.0126582278481
1030083619,Écart estimation > 10 %,estimation_totale_kg,-14.5010395010395
1030083621,Écart estimation > 10 %,estimation_totale_kg,-72.43880326382592
1030083622,Écart estimation > 10 %,estimation_totale_kg,-70.0836820083682
1030083624,Écart estimation > 10 %,estimation_totale_kg,72.93023255813952
1030083625,Écart estimation > 10 %,estimation_totale_kg,-67.72428884026257
1030090921,Écart estimation > 10 %,estimation_totale_kg,-13.957934990439771
1030090928,Écart estimation > 10 %,estimation_totale_kg,-33.177570093457945
1030090934,Écart estimation > 10 %,estimation_totale_kg,10.662080825451419
1030090951,Écart estimation > 10 %,estimation_totale_kg,-29.873125720876587
1030090974,Écart estimation > 10 %,estimation_totale_kg,16.449511400651463
1030092262,Écart estimation > 10 %,estimation_totale_kg,-10.2776294714362
1030102667,Écart estimation > 10 %,estimation_totale_kg,-10.5850826261724
1030102670,Écart estimation > 10 %,estimation_totale_kg,16.377440347071584
1030102671,Écart estimation > 10 %,estimation_totale_kg,-27.961630695443645
1030102673,Écart estimation > 10 %,estimation_totale_kg,-71.59316646801747
1030102674,Écart estimation > 10 %,estimation_totale_kg,-39.795918367346935
1030102810,Écart estimation > 10 %,estimation_totale_kg,-10.10477299185099
1030102814,Écart estimation > 10 %,estimation_totale_kg,10.144927536231885
1030111516,Écart estimation > 10 %,estimation_totale_kg,-70.63663923776527
1030111519,Écart estimation > 10 %,estimation_totale_kg,-94.01340996168582
1030111521,Écart estimation > 10 %,estimation_totale_kg,-31.98160535117057
1030111525,Écart estimation > 10 %,estimation_totale_kg,25.483599663582844
1030111526,Écart estimation > 10 %,estimation_totale_kg,-22.573277502854967
1030111527,Écart estimation > 10 %,estimation_totale_kg,12.587412587412588
1030111532,Écart estimation > 10 %,estimation_totale_kg,-18.2475884244373
1030111536,Écart estimation > 10 %,estimation_totale_kg,25.462459194776933
1030111537,Écart estimation > 10 %,estimation_totale_kg,-38.57911123690914
1030111539,Écart estimation > 10 %,estimation_totale_kg,-50.7485689123734
1030111540,Écart estimation > 10 %,estimation_totale_kg,-97.268953462967
1030111543,Écart estimation > 10 %,estimation_totale_kg,255.03080082135523
1030111545,Écart estimation > 10 %,estimation_totale_kg,-43.134171907756816
1030111547,Écart estimation > 10 %,estimation_totale_kg,31.749460043196542
1030111552,Écart estimation > 10 %,estimation_totale_kg,-55.71521881123449
1030112334,Écart estimation > 10 %,estimation_totale_kg,-44.48343079922027
1030112336,Écart estimation > 10 %,estimation_totale_kg,-44.63243873978996
1030112344,Écart estimation > 10 %,estimation_totale_kg,91.592005513439
1030112440,Écart estimation > 10 %,estimation_totale_kg,-48.57864813644978
1030112444,Écart estimation > 10 %,estimation_totale_kg,-15.785256410256409
1030121682,Écart estimation > 10 %,estimation_totale_kg,-56.567957479119215
1030121689,Écart estimation > 10 %,estimation_totale_kg,-56.224489795918366
1030121693,Écart estimation > 10 %,estimation_totale_kg,-19.01294498381877
1030121694,Écart estimation > 10 %,estimation_totale_kg,13.785790031813361
1030121696,Écart estimation > 10 %,estimation_totale_kg,-25.091671031953904
1030121698,Écart estimation > 10 %,estimation_totale_kg,122.66435986159169
1030121703,Écart estimation > 10 %,estimation_totale_kg,-26.24113475177305
1030121706,Écart estimation > 10 %,estimation_totale_kg,-58.25
1030121707,Écart estimation > 10 %,estimation_totale_kg,58.97435897435898
1030121708,Écart estimation > 10 %,estimation_totale_kg,-23.324396782841823
1030121711,Écart estimation > 10 %,estimation_totale_kg,-13.745980707395496
1030121713,Écart estimation > 10 %,estimation_totale_kg,-44.76948279897028
1030121716,Écart estimation > 10 %,estimation_totale_kg,85.71428571428571
1030121717,Écart estimation > 10 %,estimation_totale_kg,17.72151898734177
1030121718,Écart estimation > 10 %,estimation_totale_kg,-17.406749555950267
1030121719,Écart estimation > 10 %,estimation_totale_kg,-10.133542812254518
1030121721,Écart estimation > 10 %,estimation_totale_kg,-75.85924713584288
1030121722,Écart estimation > 10 %,estimation_totale_kg,-49.52092788703984
1030121724,Écart estimation > 10 %,estimation_totale_kg,-20.03439380911436
1030121725,Écart estimation > 10 %,estimation_totale_kg,-26.451138868479056
1030121726,Écart estimation > 10 %,estimation_totale_kg,-29.64989059080963
1030121729,Écart estimation > 10 %,estimation_totale_kg,-46.301164100638374
1030121730,Écart estimation > 10 %,estimation_totale_kg,-11.614497528830313
1030121732,Écart estimation > 10 %,estimation_totale_kg,-29.107648725212464
1030121733,Écart estimation > 10 %,estimation_totale_kg,-22.59810554803789
1030121740,Écart estimation > 10 %,estimation_totale_kg,118.31501831501832
1030121741,Écart estimation > 10 %,estimation_totale_kg,-65.70743405275779
1030121743,Écart estimation > 10 %,estimation_totale_kg,-44.43005181347151
1030121744,Écart estimation > 10 %,estimation_totale_kg,66.44649933949802
1030121747,Écart estimation > 10 %,estimation_totale_kg,103.04942166140904
1030122109,Écart estimation > 10 %,estimation_totale_kg,-84.43718905472637
1030122111,Écart estimation > 10 %,estimation_totale_kg,-26.12160566706021
1030122114,Écart estimation > 10 %,estimation_totale_kg,-48.16157431382703
1030122115,Écart estimation > 10 %,estimation_totale_kg,194.56342668863263
1030122116,Écart estimation > 10 %,estimation_totale_kg,-67.09618039576623
1030122117,Écart estimation > 10 %,estimation_totale_kg,44.662921348314605
1030122118,Écart estimation > 10 %,estimation_totale_kg,-60.962293124040265
1030122119,Écart estimation > 10 %,estimation_totale_kg,-19.865571321882
1030122121,Écart estimation > 10 %,estimation_totale_kg,37.632338787295474
1030122123,Écart estimation > 10 %,estimation_totale_kg,34.226988382484365
1030122124,Écart estimation > 10 %,estimation_totale_kg,-21.746293245469523
1030122125,Écart estimation > 10 %,estimation_totale_kg,24.7546346782988
1030122724,Écart estimation > 10 %,estimation_totale_kg,-12.977983777520278
1030122725,Écart estimation > 10 %,estimation_totale_kg,-26.515930113052416
1030122726,Écart estimation > 10 %,estimation_totale_kg,-16.875871687587168
1030122727,Écart estimation > 10 %,estimation_totale_kg,11.71875
1030122729,Écart estimation > 10 %,estimation_totale_kg,-35.367231638418076
1030122730,Écart estimation > 10 %,estimation_totale_kg,-53.191489361702125
1030122731,Écart estimation > 10 %,estimation_totale_kg,-17.697841726618705
1030122732,Écart estimation > 10 %,estimation_totale_kg,62.88968824940048
1030122736,Écart estimation > 10 %,estimation_totale_kg,-61.17136659436009
1030122738,Écart estimation > 10 %,estimation_totale_kg,98.71794871794873
1030122739,Écart estimation > 10 %,estimation_totale_kg,187.72635814889335
1030122742,Écart estimation > 10 %,estimation_totale_kg,-30.69862315145334
1030122744,Écart estimation > 10 %,estimation_totale_kg,-34.192360791532444
1030131056,Écart estimation > 10 %,estimation_totale_kg,-16.871921182266007
1030131064,Écart estimation > 10 %,estimation_totale_kg,26.22289460413515
1030131066,Écart estimation > 10 %,estimation_totale_kg,-10.526315789473683
1030132012,Écart estimation > 10 %,estimation_totale_kg,26.708860759493668
1030132015,Écart estimation > 10 %,estimation_totale_kg,-70.99311701081614
1030132016,Écart estimation > 10 %,estimation_totale_kg,-14.268585131894485
1030133291,Écart estimation > 10 %,estimation_totale_kg,-32.96069239091237
1030151584,Écart estimation > 10 %,estimation_totale_kg,10.644257703081232
1030170291,Écart estimation > 10 %,estimation_totale_kg,-11.65129924559933
1030170314,Écart estimation > 10 %,estimation_totale_kg,247.72182254196645
1030180435,Écart estimation > 10 %,estimation_totale_kg,-22.651006711409398
1030182255,Écart estimation > 10 %,estimation_totale_kg,-10.933660933660933
1030193274,Écart estimation > 10 %,estimation_totale_kg,13.813813813813812
1030193275,Écart estimation > 10 %,estimation_totale_kg,-20.8355091383812
1030193277,Écart estimation > 10 %,estimation_totale_kg,-49.32692307692308
1030193285,Écart estimation > 10 %,estimation_totale_kg,-18.788501026694046
1030210839,Écart estimation > 10 %,estimation_totale_kg,40.30274361400189
1030210902,Écart estimation > 10 %,estimation_totale_kg,-19.141104294478527
1030210911,Écart estimation > 10 %,estimation_totale_kg,21.128608923884514
1030213662,Écart estimation > 10 %,estimation_totale_kg,18.11023622047244
1030222018,Écart estimation > 10 %,estimation_totale_kg,22.472783825816485
1030231490,Écart estimation > 10 %,estimation_totale_kg,15.179392824287028
1030231498,Écart estimation > 10 %,estimation_totale_kg,10.644257703081232
1030231510,Écart estimation > 10 %,estimation_totale_kg,-19.387755102040817
1030241624,Écart estimation > 10 %,estimation_totale_kg,-11.824461600975212
1030241636,Écart estimation > 10 %,estimation_totale_kg,-12.292051756007394
1030241644,Écart estimation > 10 %,estimation_totale_kg,-11.04
1030241654,Écart estimation > 10 %,estimation_totale_kg,11.647058823529411
1030241657,Écart estimation > 10 %,estimation_totale_kg,110.33591731266151
1030241658,Écart estimation > 10 %,estimation_totale_kg,11.718034787915776
1030241663,Écart estimation > 10 %,estimation_totale_kg,14.774913428241632
1030241665,Écart estimation > 10 %,estimation_totale_kg,22.60397830018083
1030241666,Écart estimation > 10 %,estimation_totale_kg,14.271555996035678
1030241667,Écart estimation > 10 %,estimation_totale_kg,49.51484857394884
1030241673,Écart estimation > 10 %,estimation_totale_kg,-11.642050390964378
1030242273,Écart estimation > 10 %,estimation_totale_kg,20.024420024420024
1030242275,Écart estimation > 10 %,estimation_totale_kg,109.01185770750988
1030242277,Écart estimation > 10 %,estimation_totale_kg,88.29365079365078
1030243384,Écart estimation > 10 %,estimation_totale_kg,-59.7864768683274
1030243385,Écart estimation > 10 %,estimation_totale_kg,-43.34203655352481
1030243386,Écart estimation > 10 %,estimation_totale_kg,33.449074074074076
1030243387,Écart estimation > 10 %,estimation_totale_kg,42.095238095238095
1030243392,Écart estimation > 10 %,estimation_totale_kg,24.175824175824175
1030251826,Écart estimation > 10 %,estimation_totale_kg,25.806451612903224
1030251830,Écart estimation > 10 %,estimation_totale_kg,18.75
1030251835,Écart estimation > 10 %,estimation_totale_kg,-16.366906474820144
1030251836,Écart estimation > 10 %,estimation_totale_kg,-12.804878048780488
1030251842,Écart estimation > 10 %,estimation_totale_kg,-45.38514920194309
1030251853,Écart estimation > 10 %,estimation_totale_kg,-29.822574556436393
1030252595,Écart estimation > 10 %,estimation_totale_kg,-15.2917946467749
1030252597,Écart estimation > 10 %,estimation_totale_kg,22.22222222222222
1030252601,Écart estimation > 10 %,estimation_totale_kg,13.492063492063492
1030252604,Écart estimation > 10 %,estimation_totale_kg,-19.533762057877812
1030252607,Écart estimation > 10 %,estimation_totale_kg,-17.163698777086463
1030252608,Écart estimation > 10 %,estimation_totale_kg,12.09807073954984
1030252612,Écart estimation > 10 %,estimation_totale_kg,-18.56492027334852
1030252614,Écart estimation > 10 %,estimation_totale_kg,-26.40862322390985
1030252616,Écart estimation > 10 %,estimation_totale_kg,-29.66934763181412
1030252624,Écart estimation > 10 %,estimation_totale_kg,-14.475431606905712
1030252628,Écart estimation > 10 %,estimation_totale_kg,-51.28339444735464
1030252630,Écart estimation > 10 %,estimation_totale_kg,-71.8520461699895
1030252631,Écart estimation > 10 %,estimation_totale_kg,-11.68091168091168
1030252633,Écart estimation > 10 %,estimation_totale_kg,-44.32348367029549
1030252635,Écart estimation > 10 %,estimation_totale_kg,19.395866454689983
1030252636,Écart estimation > 10 %,estimation_totale_kg,-55.19528371407516
1030252639,Écart estimation > 10 %,estimation_totale_kg,51.637764932562625
1030252644,Écart estimation > 10 %,estimation_totale_kg,55.00000000000001
1030252647,Écart estimation > 10 %,estimation_totale_kg,-20.80946926307751
1030252650,Écart estimation > 10 %,estimation_totale_kg,-10.011441647597254
1030261778,Écart estimation > 10 %,estimation_totale_kg,-32.62411347517731
1030261779,Écart estimation > 10 %,estimation_totale_kg,10.612244897959183
1030261780,Écart estimation > 10 %,estimation_totale_kg,68.56725146198829
1030261781,Écart estimation > 10 %,estimation_totale_kg,36.63003663003663
1030261783,Écart estimation > 10 %,estimation_totale_kg,-24.53211937278705
1030261786,Écart estimation > 10 %,estimation_totale_kg,72.49602543720191
1030261792,Écart estimation > 10 %,estimation_totale_kg,-52.26130653266332
1030261796,Écart estimation > 10 %,estimation_totale_kg,24.489795918367346
1030261797,Écart estimation > 10 %,estimation_totale_kg,-16.809815950920246
1030261799,Écart estimation > 10 %,estimation_totale_kg,-18.10865191146881
1030261805,Écart estimation > 10 %,estimation_totale_kg,26.293995859213247
1030261807,Écart estimation > 10 %,estimation_totale_kg,-29.965556831228472
1030261810,Écart estimation > 10 %,estimation_totale_kg,-34.408106863196686
1030261812,Écart estimation > 10 %,estimation_totale_kg,11.260253542132737
1030261813,Écart estimation > 10 %,estimation_totale_kg,13.878743608473338
1030261815,Écart estimation > 10 %,estimation_totale_kg,24.85751863217887
1030261819,Écart estimation > 10 %,estimation_totale_kg,-32.671629445822994
1030261821,Écart estimation > 10 %,estimation_totale_kg,-14.96655518394649
1030261822,Écart estimation > 10 %,estimation_totale_kg,131.8421052631579
1030261823,Écart estimation > 10 %,estimation_totale_kg,12.215320910973086
1030262564,Écart estimation > 10 %,estimation_totale_kg,-15.159944367176633
1030262569,Écart estimation > 10 %,estimation_totale_kg,-30.971574034789988
1030262571,Écart estimation > 10 %,estimation_totale_kg,12.81198003327787
1030262572,Écart estimation > 10 %,estimation_totale_kg,12.658846529814271
1030262574,Écart estimation > 10 %,estimation_totale_kg,34.53908984830805
1030262575,Écart estimation > 10 %,estimation_totale_kg,-18.285331547220363
1030262577,Écart estimation > 10 %,estimation_totale_kg,94.26847662141779
1030263746,Écart estimation > 10 %,estimation_totale_kg,-32.12953876349362
1030263747,Écart estimation > 10 %,estimation_totale_kg,162.7906976744186
1030263751,Écart estimation > 10 %,estimation_totale_kg,81.50851581508516
1030263757,Écart estimation > 10 %,estimation_totale_kg,186.51911468812875
1030281748,Écart estimation > 10 %,estimation_totale_kg,-29.874572405929307
1030281749,Écart estimation > 10 %,estimation_totale_kg,-26.93947144075021
1030281751,Écart estimation > 10 %,estimation_totale_kg,37.04617553753965
1030281752,Écart estimation > 10 %,estimation_totale_kg,-63.42592592592593
1030281754,Écart estimation > 10 %,estimation_totale_kg,-10.767246937459705
1030281755,Écart estimation > 10 %,estimation_totale_kg,-10.086812732534105
1030281756,Écart estimation > 10 %,estimation_totale_kg,-28.252980819077244
1030281758,Écart estimation > 10 %,estimation_totale_kg,-39.77142857142857
1030281759,Écart estimation > 10 %,estimation_totale_kg,-38.08710503842869
1030281760,Écart estimation > 10 %,estimation_totale_kg,18.0474697716077
1030281761,Écart estimation > 10 %,estimation_totale_kg,23.74245472837022
1030281762,Écart estimation > 10 %,estimation_totale_kg,-37.32947498966515
1030281764,Écart estimation > 10 %,estimation_totale_kg,27.109886324491907
1030281765,Écart estimation > 10 %,estimation_totale_kg,-13.049853372434017
1030281766,Écart estimation > 10 %,estimation_totale_kg,-22.474645030425965
1030281767,Écart estimation > 10 %,estimation_totale_kg,-22.063621533442088
1030281774,Écart estimation > 10 %,estimation_totale_kg,13.813813813813812
1030281775,Écart estimation > 10 %,estimation_totale_kg,45.10603588907014
1030281776,Écart estimation > 10 %,estimation_totale_kg,21.908471275559883
1030282295,Écart estimation > 10 %,estimation_totale_kg,-21.48014440433213
1030282297,Écart estimation > 10 %,estimation_totale_kg,14.440825190010859
1030282299,Écart estimation > 10 %,estimation_totale_kg,-17.613481924435987
1030282301,Écart estimation > 10 %,estimation_totale_kg,-28.500986193293887
1030282304,Écart estimation > 10 %,estimation_totale_kg,-33.910665451230635
1030282305,Écart estimation > 10 %,estimation_totale_kg,-15.772654645058207
1030282306,Écart estimation > 10 %,estimation_totale_kg,77.40384615384616
1030282307,Écart estimation > 10 %,estimation_totale_kg,18.525179856115106
1030282308,Écart estimation > 10 %,estimation_totale_kg,31.17744610281924
1030282681,Écart estimation > 10 %,estimation_totale_kg,39.787798408488065
1030282686,Écart estimation > 10 %,estimation_totale_kg,-11.854684512428298
1030282691,Écart estimation > 10 %,estimation_totale_kg,-18.367346938775512
1030282697,Écart estimation > 10 %,estimation_totale_kg,-45.092592592592595
1030282699,Écart estimation > 10 %,estimation_totale_kg,24.339622641509433
1030282704,Écart estimation > 10 %,estimation_totale_kg,-40.653153153153156
1030282708,Écart estimation > 10 %,estimation_totale_kg,11.56558533145275
1030282709,Écart estimation > 10 %,estimation_totale_kg,-52.435357787131686
1030282711,Écart estimation > 10 %,estimation_totale_kg,-26.30597014925373
1030282712,Écart estimation > 10 %,estimation_totale_kg,22.07977207977208
1030282714,Écart estimation > 10 %,estimation_totale_kg,-13.979496738117428
1030282721,Écart estimation > 10 %,estimation_totale_kg,-20.447284345047922
1030283216,Écart estimation > 10 %,estimation_totale_kg,-31.42485361093038
1030283218,Écart estimation > 10 %,estimation_totale_kg,-24.48445171849427
1030283225,Écart estimation > 10 %,estimation_totale_kg,-43.008169149447376
1030283226,Écart estimation > 10 %,estimation_totale_kg,-44.350580781415
1030283227,Écart estimation > 10 %,estimation_totale_kg,-16.792929292929294
1030291242,Écart estimation > 10 %,estimation_totale_kg,-49.859747545582046
1030291243,Écart estimation > 10 %,estimation_totale_kg,-12.818096135721019
1030291244,Écart estimation > 10 %,estimation_totale_kg,-36.067297581493165
1030291252,Écart estimation > 10 %,estimation_totale_kg,17.47700394218134
1030291253,Écart estimation > 10 %,estimation_totale_kg,-24.094881398252184
1030291255,Écart estimation > 10 %,estimation_totale_kg,-27.913669064748202
1030291257,Écart estimation > 10 %,estimation_totale_kg,-33.25242718446602
1030291259,Écart estimation > 10 %,estimation_totale_kg,-58.93164847788627
1030291260,Écart estimation > 10 %,estimation_totale_kg,-18.778842740504082
1030291261,Écart estimation > 10 %,estimation_totale_kg,-51.3595166163142
1030291262,Écart estimation > 10 %,estimation_totale_kg,-32.44444444444444
1030291263,Écart estimation > 10 %,estimation_totale_kg,-40.835872877666525
1030291265,Écart estimation > 10 %,estimation_totale_kg,-13.274336283185843
1030291267,Écart estimation > 10 %,estimation_totale_kg,-40.491283676703645
1030291270,Écart estimation > 10 %,estimation_totale_kg,27.504244482173174
1030291275,Écart estimation > 10 %,estimation_totale_kg,-11.11878453038674
1030291277,Écart estimation > 10 %,estimation_totale_kg,13.492063492063492
1030291281,Écart estimation > 10 %,estimation_totale_kg,-15.168539325842698
1030291292,Écart estimation > 10 %,estimation_totale_kg,-28.63247863247863
1030291297,Écart estimation > 10 %,estimation_totale_kg,-11.073446327683616
1030291300,Écart estimation > 10 %,estimation_totale_kg,21.144859813084114
1030291301,Écart estimation > 10 %,estimation_totale_kg,-55.98645737149892
1030291302,Écart estimation > 10 %,estimation_totale_kg,-16.238203709729905
1030291304,Écart estimation > 10 %,estimation_totale_kg,-18.76075731497418
1030291305,Écart estimation > 10 %,estimation_totale_kg,10.22167487684729
1030291306,Écart estimation > 10 %,estimation_totale_kg,31.84996821360458
1030291307,Écart estimation > 10 %,estimation_totale_kg,138.42105263157896
1030291308,Écart estimation > 10 %,estimation_totale_kg,-17.149478563151796
1030292087,Écart estimation > 10 %,estimation_totale_kg,-56.567957479119215
1030292091,Écart estimation > 10 %,estimation_totale_kg,44.171779141104295
1030292094,Écart estimation > 10 %,estimation_totale_kg,-37.40272373540856
1030292095,Écart estimation > 10 %,estimation_totale_kg,-17.07659873506676
1030292098,Écart estimation > 10 %,estimation_totale_kg,-16.886584982720702
1030292502,Écart estimation > 10 %,estimation_totale_kg,-25.906735751295333
1030292503,Écart estimation > 10 %,estimation_totale_kg,-65.40055248618785
1030293126,Écart estimation > 10 %,estimation_totale_kg,-72.9607250755287
1030293133,Écart estimation > 10 %,estimation_totale_kg,-11.5234375
1030293134,Écart estimation > 10 %,estimation_totale_kg,-36.58536585365854
1030293138,Écart estimation > 10 %,estimation_totale_kg,-32.27665706051873
1030293142,Écart estimation > 10 %,estimation_totale_kg,-40.093023255813954
1030293143,Écart estimation > 10 %,estimation_totale_kg,-42.92553191489362
1030293150,Écart estimation > 10 %,estimation_totale_kg,-36.103663985701516
1030293154,Écart estimation > 10 %,estimation_totale_kg,-18.933333333333334
1030301932,Écart estimation > 10 %,estimation_totale_kg,59.29339477726574
1030301933,Écart estimation > 10 %,estimation_totale_kg,-40.428061831153386
1030301934,Écart estimation > 10 %,estimation_totale_kg,-45.709946848899015
1030301937,Écart estimation > 10 %,estimation_totale_kg,-31.97278911564626
1030301938,Écart estimation > 10 %,estimation_totale_kg,-11.669505962521294
1030301941,Écart estimation > 10 %,estimation_totale_kg,-24.03718459495352
1030301943,Écart estimation > 10 %,estimation_totale_kg,-16.374269005847953
1030301946,Écart estimation > 10 %,estimation_totale_kg,-27.802690582959645
1030303371,Écart estimation > 10 %,estimation_totale_kg,-21.941412981045378
1030303372,Écart estimation > 10 %,estimation_totale_kg,-17.341040462427745
1030303377,Écart estimation > 10 %,estimation_totale_kg,27.027027027027028
1030303379,Écart estimation > 10 %,estimation_totale_kg,-44.97041420118343
1030311855,Écart estimation > 10 %,estimation_totale_kg,14.406268836648584
1030311856,Écart estimation > 10 %,estimation_totale_kg,-37.957317073170735
1030311868,Écart estimation > 10 %,estimation_totale_kg,51.00222717149221
1030311870,Écart estimation > 10 %,estimation_totale_kg,-45.46498277841561
1030311875,Écart estimation > 10 %,estimation_totale_kg,36.41851106639839
1030311876,Écart estimation > 10 %,estimation_totale_kg,16.707616707616708
1030311877,Écart estimation > 10 %,estimation_totale_kg,22.60397830018083
1030311880,Écart estimation > 10 %,estimation_totale_kg,58.41121495327103
1030311884,Écart estimation > 10 %,estimation_totale_kg,52.264940997335366
1030311886,Écart estimation > 10 %,estimation_totale_kg,11.647058823529411
1030311887,Écart estimation > 10 %,estimation_totale_kg,-10.012062726176115
1030311888,Écart estimation > 10 %,estimation_totale_kg,32.92765382014875
1030311889,Écart estimation > 10 %,estimation_totale_kg,59.529411764705884
1030311890,Écart estimation > 10 %,estimation_totale_kg,34.052111410601974
1030311903,Écart estimation > 10 %,estimation_totale_kg,-58.04455445544554
1030311911,Écart estimation > 10 %,estimation_totale_kg,49.949748743718594
1030311912,Écart estimation > 10 %,estimation_totale_kg,106.89265536723165
1030311914,Écart estimation > 10 %,estimation_totale_kg,-72.61103633916555
1030311915,Écart estimation > 10 %,estimation_totale_kg,44.66463414634146
1030311919,Écart estimation > 10 %,estimation_totale_kg,-10.238305383936453
1030321949,Écart estimation > 10 %,estimation_totale_kg,-36.90248565965583
1030321952,Écart estimation > 10 %,estimation_totale_kg,38.15513626834382
1030321954,Écart estimation > 10 %,estimation_totale_kg,11.152764761012184
1030321956,Écart estimation > 10 %,estimation_totale_kg,17.8826895565093
1030321961,Écart estimation > 10 %,estimation_totale_kg,30.18335684062059
1030321963,Écart estimation > 10 %,estimation_totale_kg,-25.788288288288285
1030321972,Écart estimation > 10 %,estimation_totale_kg,16.51617757712566
1030321974,Écart estimation > 10 %,estimation_totale_kg,-21.87993680884676
1030321979,Écart estimation > 10 %,estimation_totale_kg,-13.90644753476612
1030321986,Écart estimation > 10 %,estimation_totale_kg,33.80406001765225
1030322256,Écart estimation > 10 %,estimation_totale_kg,14.100185528756956
1030322257,Écart estimation > 10 %,estimation_totale_kg,25.022583559168925
1030322260,Écart estimation > 10 %,estimation_totale_kg,18.283791362871565
1030332213,Écart estimation > 10 %,estimation_totale_kg,59.56416464891041
1030333175,Écart estimation > 10 %,estimation_totale_kg,-14.22376409366869
1030333180,Écart estimation > 10 %,estimation_totale_kg,-16.61045531197302
1030333181,Écart estimation > 10 %,estimation_totale_kg,-42.15148188803512
1030342309,Écart estimation > 10 %,estimation_totale_kg,-13.188220230473751
1030342321,Écart estimation > 10 %,estimation_totale_kg,-85.74432296047098
1030342326,Écart estimation > 10 %,estimation_totale_kg,-16.323731138545952
1030342511,Écart estimation > 10 %,estimation_totale_kg,-45.5160744500846
1030342528,Écart estimation > 10 %,estimation_totale_kg,12.940275650842267
1030352366,Écart estimation > 10 %,estimation_totale_kg,-14.791447599018575
1030352378,Écart estimation > 10 %,estimation_totale_kg,62.2454915648633
1030352454,Écart estimation > 10 %,estimation_totale_kg,-27.59493670886076
1030352469,Écart estimation > 10 %,estimation_totale_kg,-12.984195847536412
1030352479,Écart estimation > 10 %,estimation_totale_kg,10.457516339869281
1030352481,Écart estimation > 10 %,estimation_totale_kg,13.189448441247004
1030362281,Écart estimation > 10 %,estimation_totale_kg,374.2448330683625
1030362282,Écart estimation > 10 %,estimation_totale_kg,-21.80293501048218
1030362284,Écart estimation > 10 %,estimation_totale_kg,159.56937799043064
1030362285,Écart estimation > 10 %,estimation_totale_kg,99.2090395480226
1030362288,Écart estimation > 10 %,estimation_totale_kg,120.38404726735598
1030362675,Écart estimation > 10 %,estimation_totale_kg,74.29906542056075
1030362677,Écart estimation > 10 %,estimation_totale_kg,-25.80140734949179
1030362678,Écart estimation > 10 %,estimation_totale_kg,57.622739018087856
1030362679,Écart estimation > 10 %,estimation_totale_kg,-49.08896034297964
1030362680,Écart estimation > 10 %,estimation_totale_kg,-39.86348122866894
1030373722,Écart estimation > 10 %,estimation_totale_kg,57.67195767195767
1030373723,Écart estimation > 10 %,estimation_totale_kg,34.32642487046632
1030373728,Écart estimation > 10 %,estimation_totale_kg,-15.576748410535876
1030373732,Écart estimation > 10 %,estimation_totale_kg,-33.48837209302326
1030373734,Écart estimation > 10 %,estimation_totale_kg,-21.168687982359426
10300103444,Écart estimation > 10 %,estimation_totale_kg,10.004506534474988
10300103449,Écart estimation > 10 %,estimation_totale_kg,14.57233368532207
10300103452,Écart estimation > 10 %,estimation_totale_kg,69.46969696969697
10300103460,Écart estimation > 10 %,estimation_totale_kg,172.1107266435986
10300103886,Écart estimation > 10 %,estimation_totale_kg,-38.986301369863014
10300103887,Écart estimation > 10 %,estimation_totale_kg,-13.270547945205479
10300103889,Écart estimation > 10 %,estimation_totale_kg,-18.779031187790313
10300103890,Écart estimation > 10 %,estimation_totale_kg,-15.453264443400657
10300103891,Écart estimation > 10 %,estimation_totale_kg,36.16133518776078
10300103892,Écart estimation > 10 %,estimation_totale_kg,-36.96816892530728
10300103893,Écart estimation > 10 %,estimation_totale_kg,10.526315789473683
10300103899,Écart estimation > 10 %,estimation_totale_kg,-52.51509054325956
10300103901,Écart estimation > 10 %,estimation_totale_kg,-31.804091754494728
10300103902,Écart estimation > 10 %,estimation_totale_kg,10.117647058823529
10300103903,Écart estimation > 10 %,estimation_totale_kg,-43.05354558610709
10300103904,Écart estimation > 10 %,estimation_totale_kg,58.139534883720934
10300103905,Écart estimation > 10 %,estimation_totale_kg,-32.43967828418231
10300103906,Écart estimation > 10 %,estimation_totale_kg,-12.030075187969924
10300103908,Écart estimation > 10 %,estimation_totale_kg,-19.507502885725277
10300103909,Écart estimation > 10 %,estimation_totale_kg,-30.52391799544419
10300103910,Écart estimation > 10 %,estimation_totale_kg,-38.86524822695036
10300103911,Écart estimation > 10 %,estimation_totale_kg,55.6953179594689
10300103912,Écart estimation > 10 %,estimation_totale_kg,17.96116504854369
10300203462,Écart estimation > 10 %,estimation_totale_kg,-48.480551053484604
10300303465,Écart estimation > 10 %,estimation_totale_kg,11.605723370429253
10300303466,Écart estimation > 10 %,estimation_totale_kg,-13.188220230473751
10300303470,Écart estimation > 10 %,estimation_totale_kg,130.51438535309504
10300303473,Écart estimation > 10 %,estimation_totale_kg,58.73620098972212
10300303475,Écart estimation > 10 %,estimation_totale_kg,-56.31443298969072
10300404016,Écart estimation > 10 %,estimation_totale_kg,-12.311015118790497
10300404017,Écart estimation > 10 %,estimation_totale_kg,-15.862068965517242
10300404020,Écart estimation > 10 %,estimation_totale_kg,-62.91793313069909
10300404021,Écart estimation > 10 %,estimation_totale_kg,-26.848874598070736
10300503481,Écart estimation > 10 %,estimation_totale_kg,25.684024713150926
10300703486,Écart estimation > 10 %,estimation_totale_kg,52.098408104196814
10300703937,Écart estimation > 10 %,estimation_totale_kg,-73.68932038834951
10300703938,Écart estimation > 10 %,estimation_totale_kg,-27.331189710610932
10300703939,Écart estimation > 10 %,estimation_totale_kg,-27.872340425531917
10300703940,Écart estimation > 10 %,estimation_totale_kg,-19.72193614830072
10300703943,Écart estimation > 10 %,estimation_totale_kg,-63.93617021276595
10300703944,Écart estimation > 10 %,estimation_totale_kg,-68.0293501048218
10300803493,Écart estimation > 10 %,estimation_totale_kg,71.49200710479575
10300803496,Écart estimation > 10 %,estimation_totale_kg,44.43400657585721
10300803502,Écart estimation > 10 %,estimation_totale_kg,120.11453113815318
10300803503,Écart estimation > 10 %,estimation_totale_kg,41.118421052631575
10300803504,Écart estimation > 10 %,estimation_totale_kg,11.800302571860817
10300803505,Écart estimation > 10 %,estimation_totale_kg,-58.69086908690869
10300803506,Écart estimation > 10 %,estimation_totale_kg,28.633093525179852
10300803507,Écart estimation > 10 %,estimation_totale_kg,-39.56043956043956
10300803992,Écart estimation > 10 %,estimation_totale_kg,-27.34375
10300803993,Écart estimation > 10 %,estimation_totale_kg,-33.97968605724838
10300803994,Écart estimation > 10 %,estimation_totale_kg,-10.062893081761008
10300803996,Écart estimation > 10 %,estimation_totale_kg,-63.77952755905512
10300803998,Écart estimation > 10 %,estimation_totale_kg,68.11168258633357
10300803999,Écart estimation > 10 %,estimation_totale_kg,160.790273556231
10300804000,Écart estimation > 10 %,estimation_totale_kg,-44.94706448508181
10300804001,Écart estimation > 10 %,estimation_totale_kg,195.75821845174974
10300804003,Écart estimation > 10 %,estimation_totale_kg,265.625
10300804004,Écart estimation > 10 %,estimation_totale_kg,469.1542288557214
10300804005,Écart estimation > 10 %,estimation_totale_kg,71.11111111111111
10300804006,Écart estimation > 10 %,estimation_totale_kg,43.0
10300804007,Écart estimation > 10 %,estimation_totale_kg,-62.63048016701461
10300804008,Écart estimation > 10 %,estimation_totale_kg,304.5620437956204
10300804010,Écart estimation > 10 %,estimation_totale_kg,59.43536404160476
10300804011,Écart estimation > 10 %,estimation_totale_kg,241.83266932270917
10300804022,Écart estimation > 10 %,estimation_totale_kg,290.295358649789
10300804023,Écart estimation > 10 %,estimation_totale_kg,30.68683049779458
10300804024,Écart estimation > 10 %,estimation_totale_kg,-61.299052774018946
10300804025,Écart estimation > 10 %,estimation_totale_kg,-72.50384024577573
10300804026,Écart estimation > 10 %,estimation_totale_kg,242.1412300683371
10300804027,Écart estimation > 10 %,estimation_totale_kg,-20.2231520223152
10300804030,Écart estimation > 10 %,estimation_totale_kg,33.53248693054518
10300804032,Écart estimation > 10 %,estimation_totale_kg,-54.019292604501615
10300804034,Écart estimation > 10 %,estimation_totale_kg,-23.118279569892472
10300804036,Écart estimation > 10 %,estimation_totale_kg,167.7700348432056
10300804037,Écart estimation > 10 %,estimation_totale_kg,108.40807174887892
10300804039,Écart estimation > 10 %,estimation_totale_kg,-29.69518190757129
10300804040,Écart estimation > 10 %,estimation_totale_kg,39.58785249457701
10300804042,Écart estimation > 10 %,estimation_totale_kg,53.92895586652314
10300804045,Écart estimation > 10 %,estimation_totale_kg,177.07212055974168
10300804049,Écart estimation > 10 %,estimation_totale_kg,-69.65127238454288
10300804052,Écart estimation > 10 %,estimation_totale_kg,189.40269749518305
10300804056,Écart estimation > 10 %,estimation_totale_kg,-33.48837209302326
10300804057,Écart estimation > 10 %,estimation_totale_kg,27.111111111111114
10300804058,Écart estimation > 10 %,estimation_totale_kg,54.01822700911351
10300804059,Écart estimation > 10 %,estimation_totale_kg,-38.93637226970561
10300804060,Écart estimation > 10 %,estimation_totale_kg,-60.90759978130126
10300804062,Écart estimation > 10 %,estimation_totale_kg,27.153558052434455
10301003511,Écart estimation > 10 %,estimation_totale_kg,-23.200000000000003
10301003853,Écart estimation > 10 %,estimation_totale_kg,85.98993288590604
10301003854,Écart estimation > 10 %,estimation_totale_kg,46.674953387197014
10301003855,Écart estimation > 10 %,estimation_totale_kg,135.14902363823228
10301003856,Écart estimation > 10 %,estimation_totale_kg,64.90939044481054
10301203527,Écart estimation > 10 %,estimation_totale_kg,60.64073226544623
10301203528,Écart estimation > 10 %,estimation_totale_kg,15.186378278877127
10301203529,Écart estimation > 10 %,estimation_totale_kg,-17.199558985667036
10301203936,Écart estimation > 10 %,estimation_totale_kg,-83.085250338295
10301403532,Écart estimation > 10 %,estimation_totale_kg,41.944601469756925
10301403963,Écart estimation > 10 %,estimation_totale_kg,-25.503685503685503
10301403966,Écart estimation > 10 %,estimation_totale_kg,231.72866520787747
10301403967,Écart estimation > 10 %,estimation_totale_kg,156.98113207547172
10301403969,Écart estimation > 10 %,estimation_totale_kg,450.5882352941176
10301403970,Écart estimation > 10 %,estimation_totale_kg,-34.83253588516747
10301603597,Écart estimation > 10 %,estimation_totale_kg,37.78744561839652
10301603598,Écart estimation > 10 %,estimation_totale_kg,-35.12900481996031
10301603601,Écart estimation > 10 %,estimation_totale_kg,284.433962264151
10301603602,Écart estimation > 10 %,estimation_totale_kg,26.756931012250163
10301603972,Écart estimation > 10 %,estimation_totale_kg,65.18650088809946
10301603976,Écart estimation > 10 %,estimation_totale_kg,-76.81347150259067
10301603979,Écart estimation > 10 %,estimation_totale_kg,-15.92356687898089
10301603980,Écart estimation > 10 %,estimation_totale_kg,-53.90121689334288
10301903948,Écart estimation > 10 %,estimation_totale_kg,236.1077844311377
10301903949,Écart estimation > 10 %,estimation_totale_kg,-30.911522175172724
10301903956,Écart estimation > 10 %,estimation_totale_kg,87.26591760299625
10301903958,Écart estimation > 10 %,estimation_totale_kg,13.661689324715844
10301903960,Écart estimation > 10 %,estimation_totale_kg,-42.51870324189526
10302103537,Écart estimation > 10 %,estimation_totale_kg,19.473684210526315
10302103538,Écart estimation > 10 %,estimation_totale_kg,-39.088808187520634
10302103539,Écart estimation > 10 %,estimation_totale_kg,-14.974761637689287
10302203541,Écart estimation > 10 %,estimation_totale_kg,22.795031055900623
10302203542,Écart estimation > 10 %,estimation_totale_kg,13.21928460342146
10302503858,Écart estimation > 10 %,estimation_totale_kg,73.23208353108686
10302603545,Écart estimation > 10 %,estimation_totale_kg,27.126590756865372
10302703922,Écart estimation > 10 %,estimation_totale_kg,-30.437756497948016
10302703924,Écart estimation > 10 %,estimation_totale_kg,-69.40467219291635
10302703925,Écart estimation > 10 %,estimation_totale_kg,-67.58373205741627
10302703926,Écart estimation > 10 %,estimation_totale_kg,-51.18790496760259
10302803915,Écart estimation > 10 %,estimation_totale_kg,-27.255985267034994
10302803916,Écart estimation > 10 %,estimation_totale_kg,10.989010989010989
10302803919,Écart estimation > 10 %,estimation_totale_kg,-32.146204311152765
10302803920,Écart estimation > 10 %,estimation_totale_kg,13.38432122370937
10302803921,Écart estimation > 10 %,estimation_totale_kg,-47.335701598579035
10302903547,Écart estimation > 10 %,estimation_totale_kg,-14.342751842751845
10302903786,Écart estimation > 10 %,estimation_totale_kg,-66.32996632996633
10302903787,Écart estimation > 10 %,estimation_totale_kg,-12.280701754385964
10302903796,Écart estimation > 10 %,estimation_totale_kg,-10.470202296336796
10303003981,Écart estimation > 10 %,estimation_totale_kg,-81.4924270410048
10303003982,Écart estimation > 10 %,estimation_totale_kg,51.76886792452831
10303003983,Écart estimation > 10 %,estimation_totale_kg,-58.84892086330935
10303003984,Écart estimation > 10 %,estimation_totale_kg,-11.069651741293532
10303003987,Écart estimation > 10 %,estimation_totale_kg,11.559633027522937
10303003990,Écart estimation > 10 %,estimation_totale_kg,-11.180124223602485
10303003991,Écart estimation > 10 %,estimation_totale_kg,-81.04056437389771
10303103859,Écart estimation > 10 %,estimation_totale_kg,-75.34545454545454
10303103862,Écart estimation > 10 %,estimation_totale_kg,-15.76271186440678
10303103864,Écart estimation > 10 %,estimation_totale_kg,-15.828677839851025
10303103866,Écart estimation > 10 %,estimation_totale_kg,-10.855263157894738
10303103869,Écart estimation > 10 %,estimation_totale_kg,27.588235294117645
10303103870,Écart estimation > 10 %,estimation_totale_kg,-12.856568903173965
10303103871,Écart estimation > 10 %,estimation_totale_kg,-39.37360178970917
10303103873,Écart estimation > 10 %,estimation_totale_kg,119.24009700889249
10303103874,Écart estimation > 10 %,estimation_totale_kg,-47.118847539015604
10303203549,Écart estimation > 10 %,estimation_totale_kg,127.92452830188678
10303203550,Écart estimation > 10 %,estimation_totale_kg,59.2487597448618
10303503552,Écart estimation > 10 %,estimation_totale_kg,-59.538357094365246
10303503555,Écart estimation > 10 %,estimation_totale_kg,-12.415784408084697
10303503556,Écart estimation > 10 %,estimation_totale_kg,287.8524945770065
10303503558,Écart estimation > 10 %,estimation_totale_kg,250.20408163265304
10303503561,Écart estimation > 10 %,estimation_totale_kg,93.08016877637131
10303503562,Écart estimation > 10 %,estimation_totale_kg,-33.812423873325216
10303503569,Écart estimation > 10 %,estimation_totale_kg,-27.43961352657005
10303503570,Écart estimation > 10 %,estimation_totale_kg,54.31654676258992
10303503574,Écart estimation > 10 %,estimation_totale_kg,16.260162601626014
10303503576,Écart estimation > 10 %,estimation_totale_kg,56.22977346278317
10303503580,Écart estimation > 10 %,estimation_totale_kg,12.462189957652752
10303503581,Écart estimation > 10 %,estimation_totale_kg,-11.974921630094045
10303503584,Écart estimation > 10 %,estimation_totale_kg,-19.12762520193861
10303503585,Écart estimation > 10 %,estimation_totale_kg,313.1985731272295
10303503587,Écart estimation > 10 %,estimation_totale_kg,91.02564102564102
10303503589,Écart estimation > 10 %,estimation_totale_kg,-45.93286967039613
10303503590,Écart estimation > 10 %,estimation_totale_kg,-34.82224247948952
10303503595,Écart estimation > 10 %,estimation_totale_kg,-11.945812807881774
10303503823,Écart estimation > 10 %,estimation_totale_kg,105.75539568345324
10303503824,Écart estimation > 10 %,estimation_totale_kg,-11.11878453038674
10303503825,Écart estimation > 10 %,estimation_totale_kg,43.83378016085791
10303503827,Écart estimation > 10 %,estimation_totale_kg,44.589774078478
10303503828,Écart estimation > 10 %,estimation_totale_kg,123.17979197622586
10303503829,Écart estimation > 10 %,estimation_totale_kg,103.7037037037037
10303503830,Écart estimation > 10 %,estimation_totale_kg,125.55205047318611
10303503831,Écart estimation > 10 %,estimation_totale_kg,144.74327628361857
10303503832,Écart estimation > 10 %,estimation_totale_kg,62.911392405063296
10303603596,Écart estimation > 10 %,estimation_totale_kg,26.92020879940343
10304003488,Écart estimation > 10 %,estimation_totale_kg,33.42480790340285
10304003489,Écart estimation > 10 %,estimation_totale_kg,70.55045871559633
10304003492,Écart estimation > 10 %,estimation_totale_kg,87.03923900118906
10304003620,Écart estimation > 10 %,estimation_totale_kg,-17.712691771269178
10304003621,Écart estimation > 10 %,estimation_totale_kg,-14.450069028992177
10304003814,Écart estimation > 10 %,estimation_totale_kg,74.53157529493407
10304003815,Écart estimation > 10 %,estimation_totale_kg,65.46847377725398
10304003816,Écart estimation > 10 %,estimation_totale_kg,454.55801104972375
10304003817,Écart estimation > 10 %,estimation_totale_kg,-28.73006833712984
10304003818,Écart estimation > 10 %,estimation_totale_kg,-10.743801652892563
10304003820,Écart estimation > 10 %,estimation_totale_kg,201.88888888888889
10304003821,Écart estimation > 10 %,estimation_totale_kg,277.1484375
10304003822,Écart estimation > 10 %,estimation_totale_kg,254.76190476190476
10304103516,Écart estimation > 10 %,estimation_totale_kg,-18.582046883933675
10304103517,Écart estimation > 10 %,estimation_totale_kg,83.41176470588235
10304103518,Écart estimation > 10 %,estimation_totale_kg,128.44400396432113
10304103519,Écart estimation > 10 %,estimation_totale_kg,199.86595174262735
10304103520,Écart estimation > 10 %,estimation_totale_kg,21.071428571428573
10304103522,Écart estimation > 10 %,estimation_totale_kg,61.816782140107776
10304103524,Écart estimation > 10 %,estimation_totale_kg,11.82846371347785
10304103526,Écart estimation > 10 %,estimation_totale_kg,162.7906976744186
10304203544,Écart estimation > 10 %,estimation_totale_kg,12.971391417425227
10304303609,Écart estimation > 10 %,estimation_totale_kg,-10.133542812254518
10304303610,Écart estimation > 10 %,estimation_totale_kg,-10.062893081761008
10304303876,Écart estimation > 10 %,estimation_totale_kg,-13.464447806354011
10304303877,Écart estimation > 10 %,estimation_totale_kg,-53.821313240043054
10304303878,Écart estimation > 10 %,estimation_totale_kg,18.50828729281768
10304303883,Écart estimation > 10 %,estimation_totale_kg,235.51020408163262
10304303885,Écart estimation > 10 %,estimation_totale_kg,-19.662921348314608
10304403641,Écart estimation > 10 %,estimation_totale_kg,-19.98508575689784
10304403642,Écart estimation > 10 %,estimation_totale_kg,82.47096092925025
10304403643,Écart estimation > 10 %,estimation_totale_kg,32.11009174311927
10304403644,Écart estimation > 10 %,estimation_totale_kg,54.034229828850854
10304403645,Écart estimation > 10 %,estimation_totale_kg,-19.214319657848883
10304403646,Écart estimation > 10 %,estimation_totale_kg,-11.815561959654179
10304403647,Écart estimation > 10 %,estimation_totale_kg,-17.002881844380404
10304403649,Écart estimation > 10 %,estimation_totale_kg,-15.458937198067632
10304403650,Écart estimation > 10 %,estimation_totale_kg,-12.019298992479069
10304403652,Écart estimation > 10 %,estimation_totale_kg,-10.03213138164941
10304403653,Écart estimation > 10 %,estimation_totale_kg,88.35616438356165
10304403654,Écart estimation > 10 %,estimation_totale_kg,10.567514677103718
10304403658,Écart estimation > 10 %,estimation_totale_kg,-18.72615690827666
10304403663,Écart estimation > 10 %,estimation_totale_kg,-11.525585844093735
10304403665,Écart estimation > 10 %,estimation_totale_kg,195.93023255813952
10304403667,Écart estimation > 10 %,estimation_totale_kg,51.19478638667631
10304403668,Écart estimation > 10 %,estimation_totale_kg,133.11416616855948
10304403670,Écart estimation > 10 %,estimation_totale_kg,-13.604283280603552
10304403671,Écart estimation > 10 %,estimation_totale_kg,-10.814673654121009
10304403675,Écart estimation > 10 %,estimation_totale_kg,-10.249307479224377
10304403677,Écart estimation > 10 %,estimation_totale_kg,-18.866709594333546
10304403678,Écart estimation > 10 %,estimation_totale_kg,-16.57271702367531
10304403681,Écart estimation > 10 %,estimation_totale_kg,-16.743755781683625
10304403682,Écart estimation > 10 %,estimation_totale_kg,-11.33914828116983
10304403684,Écart estimation > 10 %,estimation_totale_kg,-11.682242990654206
10304403687,Écart estimation > 10 %,estimation_totale_kg,41.935483870967744
10304403688,Écart estimation > 10 %,estimation_totale_kg,-24.88262910798122
10304403691,Écart estimation > 10 %,estimation_totale_kg,209.74842767295598
10304403693,Écart estimation > 10 %,estimation_totale_kg,-22.3360427569313
10304403695,Écart estimation > 10 %,estimation_totale_kg,58.54214123006833
10304403697,Écart estimation > 10 %,estimation_totale_kg,-15.294117647058824
10304403699,Écart estimation > 10 %,estimation_totale_kg,-13.413506012950972
10304403702,Écart estimation > 10 %,estimation_totale_kg,-19.917090635010364
10304403703,Écart estimation > 10 %,estimation_totale_kg,167.68350810295522
10304403704,Écart estimation > 10 %,estimation_totale_kg,31.309297912713475
10304403705,Écart estimation > 10 %,estimation_totale_kg,77.77777777777779
10304403706,Écart estimation > 10 %,estimation_totale_kg,-11.242603550295858
10304403707,Écart estimation > 10 %,estimation_totale_kg,-12.550607287449392
10304403708,Écart estimation > 10 %,estimation_totale_kg,-10.419906687402799
10304403709,Écart estimation > 10 %,estimation_totale_kg,-19.43680207153261
10304403712,Écart estimation > 10 %,estimation_totale_kg,-21.956642579210673
10304403713,Écart estimation > 10 %,estimation_totale_kg,47.465437788018434
10304403715,Écart estimation > 10 %,estimation_totale_kg,24.736965162497075
10304403716,Écart estimation > 10 %,estimation_totale_kg,-14.383561643835616
10304403717,Écart estimation > 10 %,estimation_totale_kg,-17.008745315009815
10304403719,Écart estimation > 10 %,estimation_totale_kg,-10.52195526097763
10304403720,Écart estimation > 10 %,estimation_totale_kg,-22.339962258673246
10304403721,Écart estimation > 10 %,estimation_totale_kg,-10.601719197707736
10304403724,Écart estimation > 10 %,estimation_totale_kg,-19.15080849191508
10304403725,Écart estimation > 10 %,estimation_totale_kg,-13.056603773584904
10304403731,Écart estimation > 10 %,estimation_totale_kg,-10.927835051546392
10304403734,Écart estimation > 10 %,estimation_totale_kg,-11.384615384615385
10304403735,Écart estimation > 10 %,estimation_totale_kg,97.88583509513742
10304403736,Écart estimation > 10 %,estimation_totale_kg,-10.755697720911634
10304403737,Écart estimation > 10 %,estimation_totale_kg,-12.52847380410023
10304403742,Écart estimation > 10 %,estimation_totale_kg,95.23269012485811
10304403744,Écart estimation > 10 %,estimation_totale_kg,-62.67281105990783
10304403745,Écart estimation > 10 %,estimation_totale_kg,-10.503418272218768
10304403748,Écart estimation > 10 %,estimation_totale_kg,12.63537906137184
10304403749,Écart estimation > 10 %,estimation_totale_kg,126.52659225213394
10304403751,Écart estimation > 10 %,estimation_totale_kg,-16.170763260025872
10304403752,Écart estimation > 10 %,estimation_totale_kg,21.031207598371775
10304403754,Écart estimation > 10 %,estimation_totale_kg,49.68814968814969
10304403758,Écart estimation > 10 %,estimation_totale_kg,-14.398943196829592
10304403759,Écart estimation > 10 %,estimation_totale_kg,-10.129620739318291
10304403760,Écart estimation > 10 %,estimation_totale_kg,-18.758921823830715
10304403761,Écart estimation > 10 %,estimation_totale_kg,-12.60957518543493
10304403763,Écart estimation > 10 %,estimation_totale_kg,-10.329670329670328
10304403764,Écart estimation > 10 %,estimation_totale_kg,-10.261736601578729
10304403765,Écart estimation > 10 %,estimation_totale_kg,-14.257425742574256
10304403769,Écart estimation > 10 %,estimation_totale_kg,-22.302158273381295
10304403770,Écart estimation > 10 %,estimation_totale_kg,-21.560898699251084
10304403771,Écart estimation > 10 %,estimation_totale_kg,-17.954070981210858
